Code,Parent,Name,Latitude,Longitude,Postal
1101,11,SIMEULUE,2.5383346945001,96.038211656001,23800
1102,11,"ACEH SINGKIL",2.3069149910001,97.637140868501,24700
1103,11,"ACEH SELATAN",3.0700089100002,97.424192250503,23700
1104,11,"ACEH TENGGARA",3.3380285180001,97.617484598502,24600
1105,11,"ACEH TIMUR",4.7028123290002,97.639237315504,24400
1106,11,"ACEH TENGAH",4.5625098065,96.814866159498,24500
1107,11,"ACEH BARAT",4.4521412614998,96.185668354494,23600
1108,11,"ACEH BESAR",5.4086664170001,95.425966111001,"23300,23900"
1109,11,PIDIE,5.1132499695003,96.086780383504,24100
1110,11,BIREUEN,5.0835635685008,96.624443076014,"24200,24300"
1111,11,"ACEH UTARA",4.9935997024999,97.150688526996,24300
1112,11,"ACEH BARAT DAYA",3.8357348480001,96.867256780501,23700
1113,11,"GAYO LUES",3.981048735,97.323526577499,24600
1114,11,"ACEH TAMIANG",4.2037993474998,98.000983397494,24400
1115,11,"NAGAN RAYA",4.1759264970001,96.505614046002,23600
1116,11,"ACEH JAYA",4.81081781,95.666547936499,23600
1117,11,"BENER MERIAH",4.7747938650002,96.992393313503,24500
1118,11,"PIDIE JAYA",5.1047824999984,96.195214988467,24100
1171,11,"BANDA ACEH",5.5618452790045,95.328702319581,"23100,23200"
1172,11,SABANG,5.9243493504999,95.245573947998,23500
1173,11,LANGSA,4.4847757890015,97.981579817533,24400
1174,11,LHOKSEUMAWE,5.1620174030084,97.102680088658,24300
1175,11,SUBULUSSALAM,2.7561376380002,97.941669174502,"24800,24700"
1201,12,NIAS,1.084309412,97.730102600497,22800
1202,12,"MANDAILING NATAL",0.77960487200007,99.390625841499,22900
1203,12,"TAPANULI SELATAN",1.5510683150001,99.178020473502,22700
1204,12,"TAPANULI TENGAH",1.8678096525001,98.5961599385,"22500,22600"
1205,12,"TAPANULI UTARA",2.0112491695,99.068779578498,22400
1206,12,"TOBA SAMOSIR",2.3855824925001,99.246650914502,22300
1207,12,"LABUHAN BATU",2.2702342625001,100.013230289,21400
1208,12,ASAHAN,2.8468915375,99.533045761499,"21200,21300"
1209,12,SIMALUNGUN,2.9506125199999,99.049254793998,21100
1210,12,DAIRI,2.8353840945,98.254395979497,22200
1211,12,KARO,3.0996256505001,98.2497260725,22100
1212,12,"DELI SERDANG",3.4798720589999,98.707102389996,"20300,20500"
1213,12,LANGKAT,3.760212231,98.2325739545,"20700,20800"
1214,12,"NIAS SELATAN",0.19799531150005,98.233614654499,22800
1215,12,"HUMBANG HASUNDUTAN",2.2382983235002,98.607129197007,22400
1216,12,"PAKPAK BHARAT",2.5302778540004,98.268525885515,22200
1217,12,SAMOSIR,2.55513449,98.696777770999,22300
1218,12,"SERDANG BEDAGAI",3.349220352,99.031442709499,"20600,20900"
1219,12,"BATU BARA",3.2296711175,99.480008458996,"21600,21200"
1220,12,"PADANG LAWAS UTARA",1.6364092690001,99.845542886001,22700
1221,12,"PADANG LAWAS",1.1565422415001,99.801475453,22700
1222,12,"LABUHAN BATU SELATAN",1.8337746935001,100.060497268,"21500,21400"
1223,12,"LABUHAN BATU UTARA",2.4255693095,99.734228536,"21700,21400"
1224,12,"NIAS UTARA",1.3101570355001,97.290168237505,22800
1225,12,"NIAS BARAT",0.98231663450004,97.457968397497,22800
1271,12,SIBOLGA,1.7308322719992,98.784060296451,22500
1272,12,"TANJUNG BALAI",2.9727883370008,99.795399716527,21300
1273,12,"PEMATANG SIANTAR",2.9545861285005,99.063493794509,21100
1274,12,"TEBING TINGGI",3.328066840496,99.154126443879,20600
1275,12,MEDAN,3.6423669029996,98.669493706988,"20100,20200,20400,20500"
1276,12,BINJAI,3.6002175559984,98.488723092458,20700
1277,12,PADANGSIDIMPUAN,1.3868554095005,99.285813848533,22700
1278,12,GUNUNGSITOLI,1.2520347220001,97.580451311009,22800
1301,13,"KEPULAUAN MENTAWAI",-2.4610751414999,99.825395214,"25700,25300"
1302,13,"PESISIR SELATAN",-1.7177650169999,100.7904538945,25600
1303,13,SOLOK,-0.92753380299993,100.8378839925,27300
1304,13,SIJUNJUNG,-0.64873593249996,101.1429174375,27500
1305,13,"TANAH DATAR",-0.46981850249993,100.5827982045,"27100,27200"
1306,13,"PADANG PARIAMAN",-0.56671601199994,100.2098469835,25500
1307,13,AGAM,-0.25318265649991,100.153757057,"26100,26400"
1308,13,"LIMA PULUH KOTA",0.029069938500057,100.5559277415,26200
1309,13,PASAMAN,0.3998886285001,100.0474543445,26300
1310,13,"SOLOK SELATAN",-1.3644713159999,101.273582623,27700
1311,13,DHARMASRAYA,-1.250643221,101.5193246885,"27500,27600"
1312,13,"PASAMAN BARAT",0.18796162650004,99.607742002501,"26300,26500"
1371,13,PADANG,-0.93642574649989,100.33151899099,"25100,25200"
1372,13,SOLOK,-0.77887969049979,100.61512301649,27300
1373,13,"SAWAH LUNTO",-0.66147117849995,100.756630496,27400
1374,13,"PADANG PANJANG",-0.46953105599977,100.40133743097,27100
1375,13,BUKITTINGGI,-0.29922910799989,100.36907224398,26100
1376,13,PAYAKUMBUH,-0.22949588849993,100.63275335749,26200
1377,13,PARIAMAN,-0.61202780800006,100.12840046652,25500
1401,14,"KUANTAN SINGINGI",-0.49381757549993,101.476581457,29500
1402,14,"INDRAGIRI HULU",-0.49255914549999,102.2484664745,29300
1403,14,"INDRAGIRI HILIR",-0.29244895999995,103.184810112,29200
1404,14,PELALAWAN,0.16251678300006,102.4357950965,28300
1405,14,SIAK,0.82799229650006,101.9037616285,"28600,28700"
1406,14,KAMPAR,0.32034089400004,101.061363584,28400
1407,14,"ROKAN HULU",0.89325970250007,100.49054616,28500
1408,14,BENGKALIS,1.5252266245001,101.720593995,28700
1409,14,"ROKAN HILIR",2.0708884070001,100.8053554795,28900
1410,14,"KEPULAUAN MERANTI",1.0519707265001,102.721646875,28700
1471,14,PEKANBARU,0.55469803799999,101.45947162149,"28100,28200"
1473,14,DUMAI,1.8531896945001,101.3687307705,28800
1501,15,KERINCI,-2.0612335024999,101.482953636,37100
1502,15,MERANGIN,-2.2070602285,102.0861747485,37300
1503,15,SAROLANGUN,-2.3323053974999,102.642639358,"37400,37300"
1504,15,"BATANG HARI",-1.8531205929999,102.9883785365,36600
1505,15,"MUARO JAMBI",-1.7049424924999,103.7826044305,36300
1506,15,"TANJUNG JABUNG TIMUR",-1.2662229014999,103.9221118005,36700
1507,15,"TANJUNG JABUNG BARAT",-1.092740715,103.1098151085,36500
1508,15,TEBO,-1.3952377355,102.3232091055,37500
1509,15,BUNGO,-1.5157520545,101.9783385445,37200
1571,15,JAMBI,-1.6204276640001,103.60311501601,"36100,36200"
1572,15,"SUNGAI PENUH",-2.138307006,101.348889082,37100
1601,16,"OGAN KOMERING ULU",-4.110513738,104.0872658285,32100
1602,16,"OGAN KOMERING ILIR",-3.3265575459999,105.414948511,30600
1603,16,"MUARA ENIM",-3.6949164139999,103.997758761,"31300,31800,32300,31100,31700"
1604,16,LAHAT,-3.8770144204999,103.3435804325,"31400,31300,31500"
1605,16,"MUSI RAWAS",-3.175197373,103.0678986175,"31600,30700"
1606,16,"MUSI BANYUASIN",-2.4958312934999,103.830430966,30700
1607,16,"BANYU ASIN",-2.3986905294999,104.817278305,30900
1608,16,"OGAN KOMERING ULU SELATAN",-4.5677007519999,103.8846249045,32200
1609,16,"OGAN KOMERING ULU TIMUR",-4.1063355434999,104.5414367675,"32300,32100"
1610,16,"OGAN ILIR",-3.4196613474998,104.560049564,"30800,30600"
1611,16,"EMPAT LAWANG",-3.7170448129997,102.90659747199,"31800,31400,31500"
1612,16,"PENUKAL ABAB LEMATANG ILIR",-3.2084023519999,103.9321182775,"31200,31300"
1613,16,"MUSI RAWAS UTARA",-2.7062017374999,102.716998707,31600
1671,16,PALEMBANG,-2.9794493164998,104.7442166465,"30100,30200"
1672,16,PRABUMULIH,-3.4546929909995,104.23832160249,31100
1673,16,"PAGAR ALAM",-4.1214475614993,103.26839323098,31500
1674,16,LUBUKLINGGAU,-3.2537716349996,102.86214014799,31600
1701,17,"BENGKULU SELATAN",-4.35894131,103.044223205,38500
1702,17,"REJANG LEBONG",-3.4381609905,102.683100659,39100
1703,17,"BENGKULU UTARA",-4.1157517699999,101.998730868,"38600,38300"
1704,17,KAUR,-4.5905613104998,103.4168408675,38900
1705,17,SELUMA,-4.080356999,102.6345070325,38800
1706,17,MUKOMUKO,-2.7306357514999,101.444196937,38700
1707,17,LEBONG,-3.0525785985,102.2137734085,39200
1708,17,KEPAHIANG,-3.6475356939995,102.62777369699,"39100,39300"
1709,17,"BENGKULU TENGAH",-3.6777968974999,102.4098793325,38300
1771,17,BENGKULU,-3.8359868745005,102.32646033652,"38100,38200"
1801,18,"LAMPUNG BARAT",-5.0770093525001,104.0758132365,34800
1802,18,TANGGAMUS,-5.5216715149999,104.760892805,"35600,35300"
1803,18,"LAMPUNG SELATAN",-5.6698609405,105.468811662,"35500,35300"
1804,18,"LAMPUNG TIMUR",-5.1205157764998,105.7437491315,"34300,34100"
1805,18,"LAMPUNG TENGAH",-4.8741312679999,105.176011531,"34200,34100,35500"
1806,18,"LAMPUNG UTARA",-4.8083887720001,104.8117779675,34500
1807,18,"WAY KANAN",-4.5732974429999,104.6774293935,34700
1808,18,TULANGBAWANG,-4.3987159044999,105.537587097,"34600,34500"
1809,18,PESAWARAN,-5.4821256495003,105.13853067901,"35300,35400"
1810,18,PRINGSEWU,-5.3690989315001,104.917370277,"35700,35300,35600"
1811,18,MESUJI,-3.9738725205001,105.4037789735,"34900,34600"
1812,18,"TULANG BAWANG BARAT",-4.4329253565006,105.09780150951,"34400,34700"
1813,18,"PESISIR BARAT",-5.4092397099998,104.15098642,"35900,34800"
1871,18,"BANDAR LAMPUNG",-5.4286557390085,105.26747547867,"35100,35200"
1872,18,METRO,-5.118448802996,105.31058655343,34100
1901,19,BANGKA,-1.9359449119999,105.9418255595,"33200,33100"
1902,19,BELITUNG,-2.9395561095,107.5497986035,33400
1903,19,"BANGKA BARAT",-1.8401976369999,105.446959945,33300
1904,19,"BANGKA TENGAH",-2.4328120849999,106.2993309655,33600
1905,19,"BANGKA SELATAN",-2.786148508,106.4906828675,33700
1906,19,"BELITUNG TIMUR",-2.954949362,108.299331925,33500
1971,19,"PANGKAL PINANG",-2.1092970599998,106.111100568,33100
2101,21,KARIMUN,0.83569337550009,103.6330277465,29600
2102,21,BINTAN,0.91333299500008,105.907927998,29100
2103,21,NATUNA,3.6266285765001,108.4434784785,29700
2104,21,LINGGA,-0.39403255849996,104.9327196445,29800
2105,21,"KEPULAUAN ANAMBAS",2.9036125345001,106.0410902015,"29900,29700"
2171,21,BATAM,0.83443180200005,104.01324324,29400
2172,21,"TANJUNG PINANG",0.91496728299998,104.44465917799,29100
3101,31,"KEPULAUAN SERIBU",-5.6122405455,106.615505518,14500
3171,31,"JAKARTA SELATAN",-6.2841062695008,106.80207993952,"12100,12200,12300,12400,12500,12600,12700,12800,12900"
3172,31,"JAKARTA TIMUR",-6.2611280945091,106.90508287316,"13100,13200,13300,13400,13500,13600,13700,13800,13900"
3173,31,"JAKARTA PUSAT",-6.1823130124764,106.83661562509,"10100,10200,10300,10400,10500,10600,10700"
3174,31,"JAKARTA BARAT",-6.1601684215066,106.75725955811,"11100,11200,11300,11400,11500,11600,11700,11800"
3175,31,"JAKARTA UTARA",-6.1360739884989,106.84190061248,"14100,14200,14300,14400"
3201,32,BOGOR,-6.5453632394999,106.814098563,"16200,16300,16600,16700,16800,16900,16100"
3202,32,SUKABUMI,-7.0764870344993,106.71766104749,"43300,43100"
3203,32,CIANJUR,-7.0538322580002,107.1304445755,43200
3204,32,BANDUNG,-7.0634725444998,107.591171376,"40300,40100,40900"
3205,32,GARUT,-7.3429258925,107.7781535265,44100
3206,32,TASIKMALAYA,-7.4278837485,108.1734582695,"46400,46100"
3207,32,CIAMIS,-7.3113041150005,108.44662455751,"46200,46300"
3208,32,KUNINGAN,-6.9875599799994,108.58690199549,45500
3209,32,CIREBON,-6.7613542764991,108.57865489999,"45600,45100"
3210,32,MAJALENGKA,-6.8076601940001,108.227727988,45400
3211,32,SUMEDANG,-6.8101906949999,107.9804001685,45300
3212,32,INDRAMAYU,-6.4536153944991,108.19554811299,45200
3213,32,SUBANG,-6.5007164529999,107.728257944,41200
3214,32,PURWAKARTA,-6.5923972074995,107.41127380299,41100
3215,32,KARAWANG,-6.2635075254999,107.3639794975,41300
3216,32,BEKASI,-6.1979450559998,107.1326001265,"17200,17300,17400,17500,17600,17700,17800"
3217,32,"BANDUNG BARAT",-6.9052639504992,107.45423388349,"40700,40300,40500"
3218,32,PANGANDARAN,-7.6404545040015,108.55669214002,"46500,46200,46300"
3271,32,BOGOR,-6.5951932310074,106.79189207262,16100
3272,32,SUKABUMI,-6.93571065299,106.91576659834,43100
3273,32,BANDUNG,-6.9033100549963,107.64262064394,"40100,40200,40600"
3274,32,CIREBON,-6.7436877819944,108.55713134992,45100
3275,32,BEKASI,-6.2849773939939,106.9701272694,"17100,17400"
3276,32,DEPOK,-6.3878486555071,106.81779751612,"16400,16500"
3277,32,CIMAHI,-6.8823406819722,107.54325695457,40500
3278,32,TASIKMALAYA,-7.3599818560032,108.23133917305,"46100,46400"
3279,32,BANJAR,-7.3805391250148,108.56607113722,46300
3301,33,CILACAP,-7.4617926294997,108.975677523,53200
3302,33,BANYUMAS,-7.4550014805016,109.16857303602,53100
3303,33,PURBALINGGA,-7.3273398259996,109.40409471699,53300
3304,33,BANJARNEGARA,-7.3559572345001,109.639572153,53400
3305,33,KEBUMEN,-7.6439075334995,109.60932489399,"54300,54400"
3306,33,PURWOREJO,-7.7080096385022,109.96996416103,"54100,54200"
3307,33,WONOSOBO,-7.3997965639985,109.90568031648,56300
3308,33,MAGELANG,-7.5135657684998,110.2447700535,"56500,56100"
3309,33,BOYOLALI,-7.3870917050007,110.61941960451,57300
3310,33,KLATEN,-7.6748008914986,110.62291234298,57400
3311,33,SUKOHARJO,-7.6828478519992,110.83143372099,"57500,57100"
3312,33,WONOGIRI,-7.9620542204999,111.03673934,57600
3313,33,KARANGANYAR,-7.6195984104992,110.95142614499,"57700,57100"
3314,33,SRAGEN,-7.3922762105023,110.96214033603,57200
3315,33,GROBOGAN,-7.0979246739993,110.89420039099,58100
3316,33,BLORA,-7.1105530440001,111.3682098195,"58200,58300"
3317,33,REMBANG,-6.7698511444979,111.46235456747,59200
3318,33,PATI,-6.704944615499,111.03706358948,59100
3319,33,KUDUS,-6.797649732499,110.86797858398,59300
3320,33,JEPARA,-6.2610282910001,110.5697367535,59400
3321,33,DEMAK,-6.9228927935002,110.65107858551,59500
3322,33,SEMARANG,-7.2877925444991,110.45660877299,"50500,50100,50700"
3323,33,TEMANGGUNG,-7.2398993775022,110.13151821554,56200
3324,33,KENDAL,-7.0234539974994,110.13940039599,51300
3325,33,BATANG,-7.0316747825,109.863384257,51200
3326,33,PEKALONGAN,-7.0423557979997,109.6410703335,51100
3327,33,PEMALANG,-7.0119075039996,109.392391423,52300
3328,33,TEGAL,-7.0553844200015,109.15591633203,"52400,52100"
3329,33,BREBES,-7.0548122435003,108.93423009101,52200
3371,33,MAGELANG,-7.4726190325441,110.21975708564,56100
3372,33,SURAKARTA,-7.5592091250341,110.8190335605,57100
3373,33,SALATIGA,-7.3373898180214,110.50159367581,50700
3374,33,SEMARANG,-7.0230536624956,110.38724231643,"50100,50200,50600"
3375,33,PEKALONGAN,-6.8937202954809,109.67834855219,51100
3376,33,TEGAL,-6.8697605984777,109.11827839765,52100
3401,34,"KULON PROGO",-7.8125771624991,110.13866254149,55600
3402,34,BANTUL,-7.8979559774965,110.36264052045,"55700,55100"
3403,34,"GUNUNG KIDUL",-7.9930936539995,110.58193452099,55800
3404,34,SLEMAN,-7.6897178209982,110.38127502348,"55500,55200"
3471,34,YOGYAKARTA,-7.8032508715182,110.37484470825,"55100,55200"
3501,35,PACITAN,-8.1019018165013,111.16265104252,63500
3502,35,PONOROGO,-7.971231405499,111.52941511199,63400
3503,35,TRENGGALEK,-8.1384197799999,111.6189414675,66300
3504,35,TULUNGAGUNG,-8.0729564294997,111.9166592265,66200
3505,35,BLITAR,-8.1316961039993,112.21726636749,66100
3506,35,KEDIRI,-7.8015629644999,112.1096189735,"64100,64200"
3507,35,MALANG,-8.1126181004996,112.62349893849,"65100,65300"
3508,35,LUMAJANG,-8.1246010299998,113.139497083,67300
3509,35,JEMBER,-8.2656330774996,113.65291197949,68100
3510,35,BANYUWANGI,-8.3325128255,114.221,68400
3511,35,BONDOWOSO,-7.9452849465007,113.93602732801,68200
3512,35,SITUBONDO,-7.7986755379996,114.02031125,68300
3513,35,PROBOLINGGO,-7.8520111234999,113.2856596825,67200
3514,35,PASURUAN,-7.7505641390003,112.83520745751,67100
3515,35,SIDOARJO,-7.4534048050004,112.66460247051,61200
3516,35,MOJOKERTO,-7.5411198779993,112.50165999949,61300
3517,35,JOMBANG,-7.5614789820006,112.25923151201,61400
3518,35,NGANJUK,-7.6151420320004,111.94726939801,"64400,64300"
3519,35,MADIUN,-7.611818499,111.6486778035,63100
3520,35,MAGETAN,-7.6533516064996,111.347392237,"63300,63100"
3521,35,NGAWI,-7.4324962945008,111.39482879301,63200
3522,35,BOJONEGORO,-7.227836787,111.7946853215,62100
3523,35,TUBAN,-6.9593997820002,111.8960326345,62300
3524,35,LAMONGAN,-7.1236229489997,112.3124742345,62200
3525,35,GRESIK,-6.5616158525001,112.5715601315,61100
3526,35,BANGKALAN,-7.0461786035004,112.91056815351,69100
3527,35,SAMPANG,-7.101250265499,113.26190172298,69200
3528,35,PAMEKASAN,-7.0708120620007,113.50353601751,69300
3529,35,SUMENEP,-6.150660031,114.9238394545,69400
3571,35,KEDIRI,-7.8230309264847,112.01789787529,64100
3572,35,BLITAR,-8.0961690740127,112.16652591067,66100
3573,35,MALANG,-7.9812982664959,112.63192623444,65100
3574,35,PROBOLINGGO,-7.7711924830164,113.20263723173,67200
3575,35,PASURUAN,-7.6534697145054,112.91193130208,67100
3576,35,MOJOKERTO,-7.4707425294525,112.43734251431,61300
3577,35,MADIUN,-7.6378438730285,111.5275104299,63100
3578,35,SURABAYA,-7.2745700374978,112.71922252147,"60100,60200"
3579,35,BATU,-7.8336958179996,112.5341737255,65300
3601,36,PANDEGLANG,-6.6191650834998,105.637810942,42200
3602,36,LEBAK,-6.6433056650002,106.1945918285,42300
3603,36,TANGERANG,-6.183197886001,106.53189471902,"15200,15500,15600,15700,15800,15900,15100"
3604,36,SERANG,-6.0720973230002,106.1185691985,"42100,42400"
3671,36,TANGERANG,-6.1766874384992,106.65003389099,15100
3672,36,CILEGON,-5.978372304994,106.0048470269,42400
3673,36,SERANG,-6.1002788109995,106.16059028099,42100
3674,36,"TANGERANG SELATAN",-6.2955984469994,106.70831253049,"15300,15400,15200"
5101,51,JEMBRANA,-8.3136938219992,114.68291398049,82200
5102,51,TABANAN,-8.4388819704962,115.06633756245,82100
5103,51,BADUNG,-8.5455859279984,115.16756089647,80300
5104,51,GIANYAR,-8.4818943055001,115.2982514045,80500
5105,51,KLUNGKUNG,-8.6374097715019,115.49196561602,80700
5106,51,BANGLI,-8.3339848499994,115.34499372199,80600
5107,51,"KARANG ASEM",-8.3585754164978,115.55101292097,80800
5108,51,BULELENG,-8.2225263784999,114.945024832,81100
5171,51,DENPASAR,-8.6721341340077,115.22434458611,"80100,80200"
5201,52,"LOMBOK BARAT",-8.6663606950009,116.07997111451,83300
5202,52,"LOMBOK TENGAH",-8.6824312339981,116.26907062298,83500
5203,52,"LOMBOK TIMUR",-8.5916023615014,116.56020184652,83600
5204,52,SUMBAWA,-8.6167470065002,117.586444851,84300
5205,52,DOMPU,-8.4937987335002,118.1167488245,84200
5206,52,BIMA,-8.4832683855001,118.5506368955,84100
5207,52,"SUMBAWA BARAT",-8.8003107445012,116.90109043502,84400
5208,52,"LOMBOK UTARA",-8.3454054674993,116.26107025299,"83700,83300"
5271,52,MATARAM,-8.5886859089928,116.12009143991,"83100,83200,83500"
5272,52,BIMA,-8.440819508498,118.79703378047,84100
5301,53,"SUMBA BARAT",-9.5853490834957,119.34329821695,87200
5302,53,"SUMBA TIMUR",-9.8053379075004,120.26011276601,87100
5303,53,KUPANG,-9.8124013984998,123.7486708585,"85300,85200"
5304,53,"TIMOR TENGAH SELATAN",-9.8225145214995,124.43744402149,85500
5305,53,"TIMOR TENGAH UTARA",-9.3405919039996,124.4736807745,85600
5306,53,BELU,-9.1758065490024,124.99288416653,85700
5307,53,ALOR,-8.3334765730002,124.475401734,85800
5308,53,LEMBATA,-8.3754067425021,123.56602478053,86600
5309,53,"FLORES TIMUR",-8.3502392719995,122.99402673049,86200
5310,53,SIKKA,-8.4569856719995,122.18176268549,"86100,86200"
5311,53,ENDE,-8.6736226010007,121.71034622501,"86300,86100"
5312,53,NGADA,-8.6498801524998,120.997174939,86400
5313,53,MANGGARAI,-8.5783667695006,120.38728573051,86500
5314,53,"ROTE NDAO",-10.719236380001,123.04101943401,85900
5315,53,"MANGGARAI BARAT",-8.5740375610004,119.87135315301,86700
5316,53,"SUMBA TENGAH",-9.5938024559984,119.67097642498,"87300,87200"
5317,53,"SUMBA BARAT DAYA",-9.5440087390013,119.17032415452,"87400,87200"
5318,53,NAGEKEO,-8.6744461015032,121.30983407205,"86900,86400"
5319,53,"MANGGARAI TIMUR",-8.5737695614977,120.70911200647,"86800,86500"
5320,53,"SABU RAIJUA",-10.6240749345,121.6389312755,85300
5321,53,MALAKA,-9.5463366395031,124.86581397304,85700
5371,53,KUPANG,-10.211415195493,123.60538523391,"85100,85200"
6101,61,SAMBAS,1.522652064,109.3266739335,"79400,79100"
6102,61,BENGKAYANG,1.0330734035001,109.414444548,"79200,79100"
6103,61,LANDAK,0.5108793260001,109.704687895,"78300,79300"
6104,61,MEMPAWAH,0.34726657000003,109.1108932255,"78900,78300"
6105,61,SANGGAU,0.35071133200003,110.4442834065,78500
6106,61,KETAPANG,-1.6967425054999,110.5904412545,78800
6107,61,SINTANG,0.19376682950004,112.1089809715,78600
6108,61,"KAPUAS HULU",0.83405786400007,112.876571563,78700
6109,61,SEKADAU,0.053734409000036,110.9252126405,79500
6110,61,MELAWI,-0.73508843899998,111.7871958065,"78600,79600"
6111,61,"KAYONG UTARA",-1.2476575759999,109.574453156,78800
6112,61,"KUBU RAYA",-0.37899784049996,109.5132129505,"78300,78200"
6171,61,PONTIANAK,-0.029657954499931,109.328109982,"78100,78200"
6172,61,SINGKAWANG,0.89103181700012,109.02559974801,"79100,79200"
6201,62,"KOTAWARINGIN BARAT",-2.5483076269999,111.677653384,74100
6202,62,"KOTAWARINGIN TIMUR",-2.2298747235,112.677634498,74300
6203,62,KAPUAS,-1.9179912899999,114.222149529,"73500,74500"
6204,62,"BARITO SELATAN",-1.9640184779999,115.034508273,73700
6205,62,"BARITO UTARA",-0.73969577999994,115.1520906155,73800
6206,62,SUKAMARA,-2.560361006,111.0673202695,"74400,74700,74100"
6207,62,LAMANDAU,-1.8232397015,111.339379919,"74600,74100"
6208,62,SERUYAN,-2.1205335475,112.128858569,74200
6209,62,KATINGAN,-1.8754771099999,112.933166493,74400
6210,62,"PULANG PISAU",-2.505421523,113.9549070385,74800
6211,62,"GUNUNG MAS",-0.98691912049996,113.5130596705,74500
6212,62,"BARITO TIMUR",-2.0148809414998,115.174647983,73600
6213,62,"MURUNG RAYA",-0.044398639499933,114.1713379505,73900
6271,62,"PALANGKA RAYA",-2.0111698085,113.7944041975,"73100,73200"
6301,63,"TANAH LAUT",-3.8436361385,114.947129617,70800
6302,63,"KOTA BARU",-3.5252648264999,116.0356123405,72100
6303,63,BANJAR,-3.2794484069999,115.051218302,"70600,71200"
6304,63,"BARITO KUALA",-3.0301500104998,114.604197507,70500
6305,63,TAPIN,-2.8679875699999,115.1551341505,71100
6306,63,"HULU SUNGAI SELATAN",-2.7181263265,115.2328751045,71200
6307,63,"HULU SUNGAI TENGAH",-2.6114856465,115.5242027315,71300
6308,63,"HULU SUNGAI UTARA",-2.4297511029996,115.13147157099,71400
6309,63,TABALONG,-1.8369814999999,115.453871753,"71500,72100"
6310,63,"TANAH BUMBU",-3.4452579835,115.667333514,72200
6311,63,BALANGAN,-2.2851866789999,115.5865071455,71600
6371,63,BANJARMASIN,-3.324683255001,114.59076881403,"70100,70200"
6372,63,"BANJAR BARU",-3.4838891675005,114.81413313652,70700
6401,64,PASER,-1.6876908514999,116.1071523135,76200
6402,64,"KUTAI BARAT",-0.47124309949994,115.8718858265,"75700,75500"
6403,64,"KUTAI KARTANEGARA",0.19498000000005,116.5450106395,"75500,75200,76100"
6404,64,"KUTAI TIMUR",0.93058636750006,117.497683706,"75600,75500"
6405,64,BERAU,1.8150993390001,117.5823567025,77300
6409,64,"PENAJAM PASER UTARA",-1.2015071049999,116.645264405,"76300,76100,76200"
6411,64,"MAHAKAM HULU",0.66565748900003,114.8282300895,"75800,75700"
6471,64,BALIKPAPAN,-1.1608133875,116.8693233135,76100
6472,64,SAMARINDA,-0.5096858474999,117.17552859499,"75100,75200,77100"
6474,64,BONTANG,0.11176354600008,117.45917511101,75300
6501,65,MALINAU,2.5823031945,115.698747761,"77500,77100"
6502,65,BULUNGAN,2.8469410795001,116.9875770375,77200
6503,65,"TANA TIDUNG",3.5540441539999,117.2598404075,"77600,77100,77400"
6504,65,NUNUKAN,3.9054716835001,116.7429594395,77400
6571,65,TARAKAN,3.3410078130006,117.59187180702,77100
7101,71,"BOLAANG MONGONDOW",0.72065443150005,124.0349041155,95700
7102,71,MINAHASA,1.2416386495001,124.8142745,95600
7103,71,"KEPULAUAN SANGIHE",3.9015153025,125.52682592249,95800
7104,71,"KEPULAUAN TALAUD",4.6467037624999,126.8704284285,95800
7105,71,"MINAHASA SELATAN",1.0710500720001,124.52823984101,"95900,95300"
7106,71,"MINAHASA UTARA",1.5871829819999,124.95966399499,95300
7107,71,"BOLAANG MONGONDOW UTARA",0.76018855750004,123.42577424,95700
7108,71,"SIAU TAGULANDANG BIARO",2.4404456950001,125.328818909,95800
7109,71,"MINAHASA TENGGARA",0.98173705699997,124.75035810449,95900
7110,71,"BOLAANG MONGONDOW SELATAN",0.45453654100006,123.9785832655,95700
7111,71,"BOLAANG MONGONDOW TIMUR",0.71128852350009,124.5176662875,95700
7171,71,MANADO,1.5393180955,124.80742536449,"95100,95200"
7172,71,BITUNG,1.4913925000001,125.16343837901,95500
7173,71,TOMOHON,1.3293175004998,124.81662700047,95400
7174,71,KOTAMOBAGU,0.7317148585001,124.313219477,95700
7201,72,"BANGGAI KEPULAUAN",-1.3992081075,123.1728355085,"94800,94700"
7202,72,BANGGAI,-1.0486455909999,122.6505753425,94700
7203,72,MOROWALI,-2.8945926815,122.3101790735,94900
7204,72,POSO,-1.6737286184999,120.529729422,94600
7205,72,DONGGALA,-0.35099284399995,119.8250564485,94300
7206,72,TOLI-TOLI,0.98115079550004,120.657106634,94500
7207,72,BUOL,0.99422638300006,121.518906617,94500
7208,72,"PARIGI MOUTONG",-0.23916735949993,120.625727689,94400
7209,72,"TOJO UNA-UNA",-0.87294508999994,121.64280908,94600
7210,72,SIGI,-1.4615908629999,120.0027559005,94300
7211,72,"BANGGAI LAUT",-1.8595737194999,123.6147344405,94800
7212,72,"MOROWALI UTARA",-1.8467191809999,121.4469427405,94900
7271,72,PALU,-0.78956204299992,119.8992741915,"94100,94200"
7301,73,"KEPULAUAN SELAYAR",-6.6271510434999,121.054868463,92800
7302,73,BULUKUMBA,-5.4841241319994,120.21727499099,92500
7303,73,BANTAENG,-5.4715437570026,119.97771626205,92400
7304,73,JENEPONTO,-5.5448261964998,119.7120209165,"92300,92500"
7305,73,TAKALAR,-5.4109039550002,119.4184595265,92200
7306,73,GOWA,-5.3301189150001,119.6978965655,"92100,90200"
7307,73,SINJAI,-5.1972634104989,120.17841870297,92600
7308,73,MAROS,-4.9651452550006,119.71968571551,90500
7309,73,"PANGKAJENE DAN KEPULAUAN",-6.1241448379999,118.4244538625,"90600,90500"
7310,73,BARRU,-4.4337885130004,119.69670747302,90700
7311,73,BONE,-4.6800286179998,120.089019275,"92700,90200"
7312,73,SOPPENG,-4.3185886465008,119.90118653952,90800
7313,73,WAJO,-3.9682363384999,120.1640807455,90900
7314,73,"SIDENRENG RAPPANG",-3.8080936384999,119.997890431,91600
7315,73,PINRANG,-3.6486493070002,119.6076839395,91200
7316,73,ENREKANG,-3.5320931630002,119.89227511151,91700
7317,73,LUWU,-3.166638674,120.1464756475,91900
7318,73,"TANA TORAJA",-3.056902293,119.707132015,91800
7322,73,"LUWU UTARA",-2.4063124649999,120.1421424495,92900
7325,73,"LUWU TIMUR",-2.5320949165,121.1310139395,92900
7326,73,"TORAJA UTARA",-2.8990816995,119.880345396,91800
7371,73,MAKASSAR,-5.119595449003,119.40262742457,"90100,90200"
7372,73,PAREPARE,-4.0203483754975,119.66612191493,91100
7373,73,PALOPO,-2.9867726629984,120.14055137244,91900
7401,74,BUTON,-5.3581798499997,122.95236481349,93700
7402,74,MUNA,-4.8711011129998,122.622583861,93600
7403,74,KONAWE,-3.5129108455,122.0421638305,93400
7404,74,KOLAKA,-4.1022010725,121.455512273,93500
7405,74,"KONAWE SELATAN",-4.2601420919999,122.4079308885,93800
7406,74,BOMBANA,-4.9248265454997,121.80775309049,93700
7407,74,WAKATOBI,-5.6861889154999,124.03760434,93700
7408,74,"KOLAKA UTARA",-3.2634362881806,121.16328398665,93900
7409,74,"BUTON UTARA",-4.7534850599999,123.0208112925,"93700,93600"
7410,74,"KONAWE UTARA",-3.4194872349999,121.9571893225,93300
7411,74,"KOLAKA TIMUR",-3.8204254959999,121.567278229,93500
7412,74,"KONAWE KEPULAUAN",-4.119352864,123.0972947115,"93400,93300"
7413,74,"MUNA BARAT",-4.7707634989996,122.41447703449,93600
7414,74,"BUTON TENGAH",-5.3326433145001,122.290807435,93700
7415,74,"BUTON SELATAN",-5.8513141840005,122.64499408951,93700
7471,74,KENDARI,-4.0002312999996,122.54552085199,"93100,93200"
7472,74,BAUBAU,-5.4231614534944,122.66279712587,93700
7501,75,BOALEMO,0.68162634800006,122.3662037775,"96300,96200"
7502,75,GORONTALO,0.70209125850008,122.662660237,"96200,96100"
7503,75,POHUWATO,0.70255242900006,121.6478756595,"96400,96300"
7504,75,"BONE BOLANGO",0.55618548250005,123.2944414405,96500
7505,75,"GORONTALO UTARA",0.86507872750001,122.62840808599,"96600,96500"
7571,75,GORONTALO,0.5344819605,123.04755450598,96100
7601,76,MAJENE,-3.2427846319999,118.936502462,91400
7602,76,"POLEWALI MANDAR",-3.3026132344999,119.1952687315,91300
7603,76,MAMASA,-2.9964101614999,119.323670015,91300
7604,76,MAMUJU,-2.4270047064999,118.4332165895,91500
7605,76,"MAMUJU UTARA",-1.342148753,119.57639953,91500
7606,76,"MAMUJU TENGAH",-2.0209643419999,119.5018669985,"91500,91400"
8101,81,"MALUKU TENGGARA BARAT",-7.500420725,131.380255455,97400
8102,81,"MALUKU TENGGARA",-5.6551404865,132.8095664745,97600
8103,81,"MALUKU TENGAH",-3.6653730309999,129.006698944,97500
8104,81,BURU,-3.344873264,126.6907954145,"97300,97500"
8105,81,"KEPULAUAN ARU",-6.2126109819997,134.4798207095,97600
8106,81,"SERAM BAGIAN BARAT",-2.4735520359999,128.2036726155,97500
8107,81,"SERAM BAGIAN TIMUR",-3.8787739219999,130.879507067,97500
8108,81,"MALUKU BARAT DAYA",-7.2892733064998,127.905638101,"97400,97100,97600"
8109,81,"BURU SELATAN",-3.5084263154999,126.6195983825,"97300,97500"
8171,81,AMBON,-3.6837122659999,128.1649322875,"97100,97200"
8172,81,TUAL,-5.4489547675002,132.37140292751,97600
8201,82,"HALMAHERA BARAT",1.3589225825001,127.5929537615,97700
8202,82,"HALMAHERA TENGAH",0.22112615650006,128.7130437555,97800
8203,82,"KEPULAUAN SULA",-2.1144351815,125.9073758425,"97900,97700"
8204,82,"HALMAHERA SELATAN",-0.74574231849993,127.8129921225,"97900,97700"
8205,82,"HALMAHERA UTARA",1.5595358575001,127.834899312,97700
8206,82,"HALMAHERA TIMUR",1.002922606,128.224785331,97800
8207,82,"PULAU MOROTAI",2.3039770980002,128.4094455585,97700
8208,82,"PULAU TALIABU",-1.825644387,124.8051691985,97700
8271,82,TERNATE,0.89285113700009,126.783462753,97700
8272,82,"TIDORE KEPULAUAN",0.39006139950006,127.5968118275,97800
9101,91,FAKFAK,-3.2029631954999,132.838646,"98600,98000"
9102,91,KAIMANA,-3.5483379999999,134.0347745,"98600,98100"
9103,91,"TELUK WONDAMA",-2.6383859915,134.386625173,"98500,98300"
9104,91,"TELUK BINTUNI",-2.0870354999999,133.322403,"98500,98100"
9105,91,MANOKWARI,-1.0010682375,133.8367636865,98300
9106,91,"SORONG SELATAN",-1.6660209464999,132.105774,"98400,98200"
9107,91,SORONG,-1.0553245009999,131.4567335075,98400
9108,91,"RAJA AMPAT",-0.82720589599995,130.322678317,98400
9109,91,TAMBRAUW,-0.80957895399992,132.7272978275,"98300,98400"
9110,91,MAYBRAT,-1.4241968804999,132.367988829,"98000,98200"
9111,91,"MANOKWARI SELATAN",-1.6072492474999,133.966026,98300
9112,91,"PEGUNUNGAN ARFAK",-1.2018041614999,133.7208459455,98300
9171,91,SORONG,-0.86610651200001,131.309422225,98400
9401,94,MERAUKE,-7.8692708729999,139.329836996,99600
9402,94,JAYAWIJAYA,-4.1225775380001,138.9775648535,99500
9403,94,JAYAPURA,-3.0362398694999,140.0377732125,99300
9404,94,NABIRE,-3.2064091089999,135.4965894785,98800
9408,94,"KEPULAUAN YAPEN",-1.7200180364999,136.032073958,"98200,98600"
9409,94,"BIAK NUMFOR",-1.0129117964999,135.7461097455,"98100,98500"
9410,94,PANIAI,-3.7577969534998,136.5823123925,98700
9411,94,"PUNCAK JAYA",-3.4894423744999,137.844893056,98900
9412,94,MIMIKA,-4.629947699,136.342473483,99900
9413,94,"BOVEN DIGOEL",-6.1535839905,140.322216852,99600
9414,94,MAPPI,-6.247481098,139.316627703,99800
9415,94,ASMAT,-5.5825909274999,138.597424385,99700
9416,94,YAHUKIMO,-4.3891068594999,139.5433277075,"99000,99700"
9417,94,"PEGUNUNGAN BINTANG",-4.4947310369999,140.478468482,"99500,99400"
9418,94,TOLIKARA,-3.4887742184999,138.40349647149,"99300,99400,99000"
9419,94,SARMI,-2.5324094225,139.0662147145,99300
9420,94,KEEROM,-3.3266630129999,140.6529989735,99400
9426,94,WAROPEN,-2.7293380715,136.6967010415,"98200,98600"
9427,94,SUPIORI,-0.015046705499976,135.049618047,"98100,98500"
9428,94,"MAMBERAMO RAYA",-2.4436473104999,137.9761809235,"99300,98600"
9429,94,NDUGA,-4.4361548095001,138.21879949901,"99500,99900"
9430,94,"LANNY JAYA",-3.9572727914997,138.20320028499,99500
9431,94,"MAMBERAMO TENGAH",-3.6256258334999,139.0325232745,"99500,99000"
9432,94,YALIMO,-3.7851272749999,139.43581487,"99400,99000"
9433,94,PUNCAK,-3.5681259169999,137.4167729925,98900
9434,94,DOGIYAI,-3.9993973225,135.637290269,98800
9435,94,"INTAN JAYA",-3.4086087974999,136.742528856,98700
9436,94,DEIYAI,-4.1557097314998,136.4081588325,98700
9471,94,JAYAPURA,-2.6514427210002,140.80703713951,"99100,99300"
